confidence,precision,recall,mAP50,mAP50-95,f1_score,time
0.1,0.8534453690550796,0.602425210910148,0.7507806775524908,0.4450489259671332,0.7062949324322155,12.747822999954224
0.15,0.8534453690550796,0.602425210910148,0.7578199789578985,0.4566296169737526,0.7062949324322155,12.384128332138062
0.2,0.8534453690550796,0.602425210910148,0.7600053149872433,0.4644161615722213,0.7062949324322155,11.906816720962524
0.25,0.8526030368763557,0.6029761448185932,0.7603737188043418,0.47061452596833425,0.7063845082445971,11.877800464630127
0.3,0.8852268321054673,0.5837232492137762,0.7586287849531913,0.47483554128364835,0.703533073450332,11.906972885131836
0.35,0.9110283467825367,0.5628851218327324,0.754749189066576,0.4780524401240018,0.6958404450344521,11.561224222183228
0.4,0.9311148232811676,0.5415611976170387,0.74941581497543,0.4804398055345839,0.6848154674340032,11.778058767318726
0.45,0.9478810583001639,0.5175526066835417,0.7420580709265381,0.482076132771217,0.6695332914365099,11.987975597381592
0.5,0.964089095408859,0.48804684104216206,0.7319828771599751,0.48355372070148517,0.6480393821083008,12.151766538619995
