confidence,precision,recall,mAP50,mAP50-95,f1_score,time
0.1,0.8509810001328517,0.5912147477691698,0.7415730108044359,0.4403846801889314,0.6977035095017903,14.79124641418457
0.15,0.8509810001328517,0.5912147477691698,0.7488252683372592,0.4522459815779681,0.6977035095017903,14.308892965316772
0.2,0.8488195587468025,0.5923113748888131,0.7526777651595602,0.46063568167080227,0.6977374062819979,14.101891994476318
0.25,0.85470719051149,0.5896039477384879,0.7533805862968181,0.46681943630978795,0.697825725136554,13.98354983329773
0.3,0.8859861248761149,0.571424918820792,0.752003109183681,0.4711946676083076,0.694758766476001,14.20984411239624
0.35,0.909485117669347,0.552351000997162,0.7485805718786573,0.4744400419779103,0.6872932043777042,14.125883340835571
0.4,0.9290602495862593,0.5310782132903786,0.7432896042102936,0.47700465717283713,0.6758313268692653,14.025477886199951
0.45,0.946648882960987,0.5081179207895477,0.7367412576212542,0.47912558273936295,0.6612871023559164,14.015394926071167
0.5,0.9622929936305733,0.48285648538774256,0.728611104054474,0.4812106346441106,0.6430468537183328,13.964531183242798
