confidence,precision,recall,mAP50,mAP50-95,f1_score,time
0.1,0.8760559826977699,0.6935389020991537,0.8199887998814734,0.5056032660574729,0.7741856326146423,22.019323110580444
0.15,0.8760559826977699,0.6935389020991537,0.821187355484886,0.511786575177348,0.7741856326146423,19.71812152862549
0.2,0.8760559826977699,0.6935389020991537,0.8193493496876995,0.5156343091730127,0.7741856326146423,19.760112047195435
0.25,0.8712133329068168,0.6963514100892332,0.8171411948482569,0.5183267793414219,0.7740294435286762,19.786505222320557
0.3,0.8936491428188009,0.6810615939249828,0.81389031069997,0.5203233259815689,0.7730056008589918,19.785825490951538
0.35,0.911431477778947,0.6643655237656925,0.8092432271512064,0.5216135560241243,0.7685300207039336,19.67091131210327
0.4,0.9284771610821908,0.6475671805885812,0.8044561885026645,0.5227402557987377,0.7629878443718086,19.65830969810486
0.45,0.9417857961929517,0.6299762215233566,0.7986448604317249,0.5232071287442377,0.7549522773581727,20.01166796684265
0.5,0.953847384418493,0.6098028687581499,0.7913788714314088,0.5233220879670033,0.7439756687202683,19.866234302520752
